Tabela 7060 - IPCA - Variação mensal, acumulada no ano, acumulada em 12 meses e peso mensal, para o índice geral, grupos, subgrupos, itens e subitens de produtos e serviços (a partir de janeiro/2020);;;;;;;;;;;;;;;;;;;;;;;;;;;;;;;;;;;;;;;;;;;;;;;;;;;;;;;;;;;;;;;;;;;;;;;;;;;;;;;;;;;;;;;;;;;;;;;;;;;;;;;;;;;;;;;;;;;;;;;;;;;;;;;;;;;;;;;;;;;;;;;;;;;;;;;;;;;;;;;;;;;;;;;;;;;;;;;;;;;;;;;;;;;;;;;;;;;;;;;;;;;;;;;;;;;;;;;;;;;;;;;;;;;;;;;;;;;;;;;;;;;;;;;;;;;;;;;;;;;;;;;;;;;;;;;;;;;;;;;;;;;;;;;;;;;;;;;;;;;;;;;;;;;;;;;;;;;;;;;;;;;;;;;;;;;;;;;;;;;;;;;;;;;;;;;;;;;;;;;;;;;;;;;;;;;;;;;;;
Brasil;;;;;;;;;;;;;;;;;;;;;;;;;;;;;;;;;;;;;;;;;;;;;;;;;;;;;;;;;;;;;;;;;;;;;;;;;;;;;;;;;;;;;;;;;;;;;;;;;;;;;;;;;;;;;;;;;;;;;;;;;;;;;;;;;;;;;;;;;;;;;;;;;;;;;;;;;;;;;;;;;;;;;;;;;;;;;;;;;;;;;;;;;;;;;;;;;;;;;;;;;;;;;;;;;;;;;;;;;;;;;;;;;;;;;;;;;;;;;;;;;;;;;;;;;;;;;;;;;;;;;;;;;;;;;;;;;;;;;;;;;;;;;;;;;;;;;;;;;;;;;;;;;;;;;;;;;;;;;;;;;;;;;;;;;;;;;;;;;;;;;;;;;;;;;;;;;;;;;;;;;;;;;;;;;;;;;;;;;
Variável - IPCA - Variação acumulada em 12 meses (%);;;;;;;;;;;;;;;;;;;;;;;;;;;;;;;;;;;;;;;;;;;;;;;;;;;;;;;;;;;;;;;;;;;;;;;;;;;;;;;;;;;;;;;;;;;;;;;;;;;;;;;;;;;;;;;;;;;;;;;;;;;;;;;;;;;;;;;;;;;;;;;;;;;;;;;;;;;;;;;;;;;;;;;;;;;;;;;;;;;;;;;;;;;;;;;;;;;;;;;;;;;;;;;;;;;;;;;;;;;;;;;;;;;;;;;;;;;;;;;;;;;;;;;;;;;;;;;;;;;;;;;;;;;;;;;;;;;;;;;;;;;;;;;;;;;;;;;;;;;;;;;;;;;;;;;;;;;;;;;;;;;;;;;;;;;;;;;;;;;;;;;;;;;;;;;;;;;;;;;;;;;;;;;;;;;;;;;;;
Mês;Geral, grupo, subgrupo, item e subitem;;;;;;;;;;;;;;;;;;;;;;;;;;;;;;;;;;;;;;;;;;;;;;;;;;;;;;;;;;;;;;;;;;;;;;;;;;;;;;;;;;;;;;;;;;;;;;;;;;;;;;;;;;;;;;;;;;;;;;;;;;;;;;;;;;;;;;;;;;;;;;;;;;;;;;;;;;;;;;;;;;;;;;;;;;;;;;;;;;;;;;;;;;;;;;;;;;;;;;;;;;;;;;;;;;;;;;;;;;;;;;;;;;;;;;;;;;;;;;;;;;;;;;;;;;;;;;;;;;;;;;;;;;;;;;;;;;;;;;;;;;;;;;;;;;;;;;;;;;;;;;;;;;;;;;;;;;;;;;;;;;;;;;;;;;;;;;;;;;;;;;;;;;;;;;;;;;;;;;;;;;;;;;;;;;;;;;;;
;1101002.Arroz;1101051.Feijão - mulatinho;1101052.Feijão - preto;1101053.Feijão - macáçar (fradinho);1101073.Feijão - carioca (rajado);1101079.Milho (em grão);1102001.Farinha de arroz;1102006.Macarrão;1102008.Fubá de milho;1102010.Flocos de milho;1102012.Farinha de trigo;1102023.Farinha de mandioca;1102029.Massa semipreparada;1102061.Macarrão instantâneo;1103002.Batata-doce;1103003.Batata-inglesa;1103004.Inhame;1103005.Mandioca (aipim);1103020.Abobrinha;1103025.Pepino;1103026.Pimentão;1103028.Tomate;1103043.Cebola;1103044.Cenoura;1104003.Açúcar refinado;1104004.Açúcar cristal;1104018.Balas;1104023.Chocolate em barra e bombom;1104032.Sorvete;1104052.Chocolate e achocolatado em pó;1104060.Doce de frutas em pasta;1104067.Açúcar demerara;1105001.Alface;1105004.Coentro;1105005.Couve;1105006.Couve-flor;1105010.Repolho;1105012.Cheiro-verde;1105019.Brócolis;1106001.Banana-da-terra;1106003.Abacaxi;1106004.Abacate;1106005.Banana - d'água;1106006.Banana - maçã;1106008.Banana - prata;1106011.Laranja - baía;1106012.Laranja - lima;1106015.Limão;1106017.Maçã;1106018.Mamão;1106019.Manga;1106020.Maracujá;1106021.Melancia;1106022.Melão;1106023.Pera;1106027.Tangerina;1106028.Uva;1106039.Laranja - pera;1106051.Morango;1106084.Goiaba;1107009.Fígado;1107018.Carne de porco;1107031.Carne de carneiro;1107081.Cupim;1107084.Contrafilé;1107085.Filé-mignon;1107087.Chã de dentro;1107088.Alcatra;1107089.Patinho;1107090.Lagarto redondo;1107091.Lagarto comum;1107093.Músculo;1107094.Pá;1107095.Acém;1107096.Peito;1107097.Capa de filé;1107099.Costela;1107208.Picanha;1108002.Peixe - anchova;1108004.Peixe - corvina;1108011.Peixe - tainha;1108012.Peixe - sardinha;1108013.Camarão;1108019.Peixe - cavala;1108029.Peixe - cação;1108031.Peixe - merluza;1108032.Peixe - serra;1108038.Peixe - pescada;1108045.Caranguejo;1108049.Peixe - castanha;1108052.Peixe - palombeta;1108072.Peixe - curimatã;1108075.Peixe - salmão;1108080.Peixe - tilápia;1108087.Peixe - tambaqui;1108088.Peixe - dourada;1108092.Peixe - filhote;1108096.Peixe - peroá;1108112.Peixe - pintado;1108125.Peixe - aruanã;1109002.Presunto;1109007.Salsicha;1109008.Linguiça;1109010.Mortadela;1109012.Salame;1109023.Bacalhau;1109056.Carne-seca e de sol;1109058.Carne de porco salgada e defumada;1110009.Frango inteiro;1110010.Frango em pedaços;1110044.Ovo de galinha;1111004.Leite longa vida;1111008.Leite condensado;1111009.Leite em pó;1111011.Queijo;1111019.Iogurte e bebidas lácteas;1111021.Requeijão;1111031.Manteiga;1111038.Leite fermentado;1112003.Biscoito;1112015.Pão francês;1112017.Pão doce;1112018.Pão de forma;1112019.Bolo;1112025.Pão de queijo;1113013.Óleo de soja;1113014.Azeite de oliva;1113040.Margarina;1114001.Suco de frutas;1114003.Polpa de fruta (congelada);1114004.Açaí (emulsão);1114022.Café moído;1114023.Café solúvel;1114083.Refrigerante e água mineral;1114084.Cerveja;1114085.Outras bebidas alcoólicas;1114087.Vinho;1114090.Suco em pó;1114091.Chá mate (erva mate);1115013.Alimento infantil;1115016.Palmito em conserva;1115017.Pepino em conserva;1115039.Sardinha em conserva;1115050.Salsicha em conserva;1115056.Sopa desidratada;1115057.Azeitona;1115058.Milho-verde em conserva;1115075.Atum em conserva;1116001.Leite de coco;1116005.Atomatado;1116010.Alho;1116013.Sal;1116022.Colorau;1116023.Caldo de tucupi;1116026.Fermento;1116033.Maionese;1116041.Vinagre;1116048.Caldo concentrado;1116071.Tempero misto;1201001.Refeição;1201003.Lanche;1201007.Refrigerante e água mineral;1201009.Cafezinho;1201048.Cerveja;1201051.Outras bebidas alcoólicas;1201052.Vinho;1201061.Doces;1201088.Sorvete;2101001.Aluguel residencial;2101002.Condomínio;2101004.Taxa de água e esgoto;2101012.Mudança;2103005.Ferragens;2103008.Material de eletricidade;2103012.Vidro;2103014.Tinta;2103032.Revestimento de piso e parede;2103038.Madeira e taco;2103039.Cimento;2103040.Tijolo;2103041.Material hidráulico;2103042.Mão de obra;2103048.Areia;2103049.Pedras;2103055.Telha;2104003.Saco para lixo;2104005.Água sanitária;2104008.Detergente;2104009.Sabão em pó;2104012.Desinfetante;2104015.Sabão em barra;2104016.Esponja de limpeza;2104019.Sabão líquido;2104020.Limpador multiuso;2104041.Papel toalha;2104085.Amaciante e alvejante;2201003.Carvão vegetal;2201004.Gás de botijão;2201005.Gás encanado;2202003.Energia elétrica residencial;3101002.Móvel para sala;3101003.Móvel para quarto;3101015.Móvel para copa e cozinha;3101016.Móvel infantil;3101017.Colchão;3102001.Artigos de iluminação;3102005.Tapete;3102006.Cortina;3102007.Utensílios de metal;3102009.Utensílios de vidro e louça;3102010.Utensílios de plástico;3102035.Flores naturais;3102337.Utensílios para bebê;3103001.Roupa de cama;3103003.Roupa de banho;3201001.Refrigerador;3201002.Ar-condicionado;3201006.Máquina de lavar roupa;3201013.Ventilador;3201021.Fogão;3201050.Chuveiro elétrico;3202001.Televisor;3202003.Aparelho de som;3202008.Videogame (console);3202028.Computador pessoal;3301002.Conserto de refrigerador;3301006.Conserto de televisor;3301015.Conserto de máquina de lavar roupa;3301022.Reforma de estofado;3301088.Conserto de aparelho celular;3301130.Conserto de bicicleta;4101002.Calça comprida masculina;4101005.Agasalho masculino;4101006.Bermuda/short masculino;4101008.Cueca;4101009.Camisa/camiseta masculina;4102002.Calça comprida feminina;4102003.Agasalho feminino;4102004.Saia;4102005.Vestido;4102008.Blusa;4102010.Lingerie;4102013.Bermuda/short feminino;4103001.Uniforme escolar;4103002.Calça comprida infantil;4103005.Agasalho infantil;4103007.Vestido infantil;4103008.Bermuda/short infantil;4103011.Camisa/camiseta infantil;4103031.Conjunto infantil;4201002.Sapato masculino;4201003.Sapato feminino;4201004.Sapato infantil;4201015.Bolsa;4201040.Mochila;4201063.Tênis;4201098.Sandália/chinelo;4301001.Bijuteria;4301002.Joia;4301004.Relógio de pulso;4401001.Tecido;4401002.Artigos de armarinho;5101001.Ônibus urbano;5101002.Táxi;5101004.Trem;5101006.Ônibus intermunicipal;5101007.Ônibus interestadual;5101010.Passagem aérea;5101011.Metrô;5101026.Transporte escolar;5101051.Transporte por aplicativo;5101053.Integração transporte público;5102001.Automóvel novo;5102004.Emplacamento e licença;5102005.Seguro voluntário de veículo;5102006.Multa;5102007.Óleo lubrificante;5102009.Acessórios e peças;5102010.Pneu;5102011.Conserto de automóvel;5102013.Estacionamento;5102015.Pedágio;5102020.Automóvel usado;5102037.Pintura de veículo;5102051.Aluguel de veículo;5102053.Motocicleta;5104001.Gasolina;5104002.Etanol;5104003.Óleo diesel;5104005.Gás veicular;6101001.Anti-infeccioso e antibiótico;6101002.Analgésico e antitérmico;6101003.Anti-inflamatório e antirreumático;6101004.Antigripal e antitussígeno;6101006.Dermatológico;6101007.Antialérgico e broncodilatador;6101009.Gastroprotetor;6101010.Vitamina e fortificante;6101011.Hormonal;6101013.Psicotrópico e anorexígeno;6101014.Hipotensor e hipocolesterolêmico;6101051.Oftalmológico;6101064.Antidiabético;6101148.Neurológico;6102012.Óculos de grau;6201002.Médico;6201003.Dentista;6201005.Aparelho ortodôntico;6201007.Fisioterapeuta;6201010.Psicólogo;6202003.Exame de laboratório;6202004.Hospitalização e cirurgia;6202006.Exame de imagem;6203001.Plano de saúde;6301001.Produto para cabelo;6301002.Fralda descartável;6301004.Produto para barba;6301006.Produto para pele;6301007.Produto para higiene bucal;6301010.Produto para unha;6301011.Perfume;6301014.Desodorante;6301015.Absorvente higiênico;6301016.Sabonete;6301017.Papel higiênico;6301020.Artigos de maquiagem;7101001.Costureira;7101005.Manicure;7101010.Empregado doméstico;7101011.Cabeleireiro e barbeiro;7101014.Depilação;7101034.Cartório;7101036.Despachante;7101076.Serviço bancário;7101090.Conselho de classe;7101144.Sobrancelha;7201006.Clube;7201010.Instrumento musical;7201015.Tratamento de animais (clínica);7201019.Bicicleta;7201020.Alimento para animais;7201023.Brinquedo;7201054.Casa noturna;7201063.Jogos de azar;7201067.Material de caça e pesca;7201090.Hospedagem;7201095.Pacote turístico;7201256.Serviço de higiene para animais;7201266.Cinema, teatro e concertos;7202041.Cigarro;8101001.Creche;8101002.Pré-escola;8101003.Ensino fundamental;8101004.Ensino médio;8101005.Ensino superior;8101006.Pós-graduação;8101008.Educação de jovens e adultos;8101045.Curso técnico;8102001.Jornal diário;8102004.Revista;8102007.Livro didático;8102008.Livro não didático;8103001.Caderno;8103014.Artigos de papelaria;8104001.Curso preparatório;8104003.Curso de idioma;8104004.Curso de informática;8104005.Autoescola;8104006.Atividades físicas;9101001.Correio;9101002.Plano de telefonia fixa;9101008.Plano de telefonia móvel;9101010.Tv por assinatura;9101018.Acesso à internet;9101019.Aparelho telefônico;9101115.Serviços de streaming;9101116.Combo de telefonia, internet e tv por assinatura
01/01/2020;;;;;;;;;;;;;;;;;;;;;;;;;;;;;;;;;;;;;;;;;;;;;;;;;;;;;;;;;;;;;;;;;;;;;;;;;;;;;;;;;;;;;;;;;;;;;;;;;;;;;;;;;;;;;;;;;;;;;;;;;;;;;;;;;;;;;;;;;;;;;;;;;;;;;;;;;;;;;;;;;;;;;;;;;;;;;;;;;;;;;;;;;;;;;;;;;;;;;;;;;;;;;;;;;;;;;;;;;;;;;;;;;;;;;;;;;;;;;;;;;;;;;;;;;;;;;;;;;;;;;;;;;;;;;;;;;;;;;;;;;;;;;;;;;;;;;;;;;;;;;;;;;;;;;;;;;;;;;;;;;;;;;;;;;;;;;;;;;;;;;;;;;;;;;;;;;;;;;;;;;;;;;;;;;;;;;;;;;
01/02/2020;...;...;...;...;...;...;...;...;...;...;...;...;...;...;...;...;...;...;...;...;...;...;...;...;...;...;...;...;...;...;...;...;...;...;...;...;...;...;...;...;...;...;...;...;...;...;...;...;...;...;...;...;...;...;...;...;...;...;...;...;...;...;...;...;...;...;...;...;...;...;...;...;...;...;...;...;...;...;...;...;...;...;...;...;...;...;...;...;...;...;...;...;...;...;...;...;...;...;...;...;...;...;...;...;...;...;...;...;...;...;...;...;...;...;...;...;...;...;...;...;...;...;...;...;...;...;...;...;...;...;...;...;...;...;...;...;...;...;...;...;...;...;...;...;...;...;...;...;...;...;...;...;...;...;...;...;...;...;...;...;...;...;...;...;...;...;...;...;...;...;...;...;...;...;...;...;...;...;...;...;...;...;...;...;...;...;...;...;...;...;...;...;...;...;...;...;...;...;...;...;...;...;...;...;...;...;...;...;...;...;...;...;...;...;...;...;...;...;...;...;...;...;...;...;...;...;...;...;...;...;...;...;...;...;...;...;...;...;...;...;...;...;...;...;...;...;...;...;...;...;...;...;...;...;...;...;...;...;...;...;...;...;...;...;...;...;...;...;...;...;...;...;...;...;...;...;...;...;...;...;...;...;...;...;...;...;...;...;...;...;...;...;...;...;...;...;...;...;...;...;...;...;...;...;...;...;...;...;...;...;...;...;...;...;...;...;...;...;...;...;...;...;...;...;...;...;...;...;...;...;...;...;...;...;...;...;...;...;...;...;...;...;...;...;...;...;...;...;...;...;...;...;...;...;...;...;...;...;...;...;...;...;...;...;...;...;...;...;...;...;...;...;...;...;...;...;...
01/03/2020;...;...;...;...;...;...;...;...;...;...;...;...;...;...;...;...;...;...;...;...;...;...;...;...;...;...;...;...;...;...;...;...;...;...;...;...;...;...;...;...;...;...;...;...;...;...;...;...;...;...;...;...;...;...;...;...;...;...;...;...;...;...;...;...;...;...;...;...;...;...;...;...;...;...;...;...;...;...;...;...;...;...;...;...;...;...;...;...;...;...;...;...;...;...;...;...;...;...;...;...;...;...;...;...;...;...;...;...;...;...;...;...;...;...;...;...;...;...;...;...;...;...;...;...;...;...;...;...;...;...;...;...;...;...;...;...;...;...;...;...;...;...;...;...;...;...;...;...;...;...;...;...;...;...;...;...;...;...;...;...;...;...;...;...;...;...;...;...;...;...;...;...;...;...;...;...;...;...;...;...;...;...;...;...;...;...;...;...;...;...;...;...;...;...;...;...;...;...;...;...;...;...;...;...;...;...;...;...;...;...;...;...;...;...;...;...;...;...;...;...;...;...;...;...;...;...;...;...;...;...;...;...;...;...;...;...;...;...;...;...;...;...;...;...;...;...;...;...;...;...;...;...;...;...;...;...;...;...;...;...;...;...;...;...;...;...;...;...;...;...;...;...;...;...;...;...;...;...;...;...;...;...;...;...;...;...;...;...;...;...;...;...;...;...;...;...;...;...;...;...;...;...;...;...;...;...;...;...;...;...;...;...;...;...;...;...;...;...;...;...;...;...;...;...;...;...;...;...;...;...;...;...;...;...;...;...;...;...;...;...;...;...;...;...;...;...;...;...;...;...;...;...;...;...;...;...;...;...;...;...;...;...;...;...;...;...;...;...;...;...;...;...;...;...;...;...;...
01/04/2020;...;...;...;...;...;...;...;...;...;...;...;...;...;...;...;...;...;...;...;...;...;...;...;...;...;...;...;...;...;...;...;...;...;...;...;...;...;...;...;...;...;...;...;...;...;...;...;...;...;...;...;...;...;...;...;...;...;...;...;...;...;...;...;...;...;...;...;...;...;...;...;...;...;...;...;...;...;...;...;...;...;...;...;...;...;...;...;...;...;...;...;...;...;...;...;...;...;...;...;...;...;...;...;...;...;...;...;...;...;...;...;...;...;...;...;...;...;...;...;...;...;...;...;...;...;...;...;...;...;...;...;...;...;...;...;...;...;...;...;...;...;...;...;...;...;...;...;...;...;...;...;...;...;...;...;...;...;...;...;...;...;...;...;...;...;...;...;...;...;...;...;...;...;...;...;...;...;...;...;...;...;...;...;...;...;...;...;...;...;...;...;...;...;...;...;...;...;...;...;...;...;...;...;...;...;...;...;...;...;...;...;...;...;...;...;...;...;...;...;...;...;...;...;...;...;...;...;...;...;...;...;...;...;...;...;...;...;...;...;...;...;...;...;...;...;...;...;...;...;...;...;...;...;...;...;...;...;...;...;...;...;...;...;...;...;...;...;...;...;...;...;...;...;...;...;...;...;...;...;...;...;...;...;...;...;...;...;...;...;...;...;...;...;...;...;...;...;...;...;...;...;...;...;...;...;...;...;...;...;...;...;...;...;...;...;...;...;...;...;...;...;...;...;...;...;...;...;...;...;...;...;...;...;...;...;...;...;...;...;...;...;...;...;...;...;...;...;...;...;...;...;...;...;...;...;...;...;...;...;...;...;...;...;...;...;...;...;...;...;...;...;...;...;...;...;...;...
01/05/2020;...;...;...;...;...;...;...;...;...;...;...;...;...;...;...;...;...;...;...;...;...;...;...;...;...;...;...;...;...;...;...;...;...;...;...;...;...;...;...;...;...;...;...;...;...;...;...;...;...;...;...;...;...;...;...;...;...;...;...;...;...;...;...;...;...;...;...;...;...;...;...;...;...;...;...;...;...;...;...;...;...;...;...;...;...;...;...;...;...;...;...;...;...;...;...;...;...;...;...;...;...;...;...;...;...;...;...;...;...;...;...;...;...;...;...;...;...;...;...;...;...;...;...;...;...;...;...;...;...;...;...;...;...;...;...;...;...;...;...;...;...;...;...;...;...;...;...;...;...;...;...;...;...;...;...;...;...;...;...;...;...;...;...;...;...;...;...;...;...;...;...;...;...;...;...;...;...;...;...;...;...;...;...;...;...;...;...;...;...;...;...;...;...;...;...;...;...;...;...;...;...;...;...;...;...;...;...;...;...;...;...;...;...;...;...;...;...;...;...;...;...;...;...;...;...;...;...;...;...;...;...;...;...;...;...;...;...;...;...;...;...;...;...;...;...;...;...;...;...;...;...;...;...;...;...;...;...;...;...;...;...;...;...;...;...;...;...;...;...;...;...;...;...;...;...;...;...;...;...;...;...;...;...;...;...;...;...;...;...;...;...;...;...;...;...;...;...;...;...;...;...;...;...;...;...;...;...;...;...;...;...;...;...;...;...;...;...;...;...;...;...;...;...;...;...;...;...;...;...;...;...;...;...;...;...;...;...;...;...;...;...;...;...;...;...;...;...;...;...;...;...;...;...;...;...;...;...;...;...;...;...;...;...;...;...;...;...;...;...;...;...;...;...;...;...;...;...
01/06/2020;...;...;...;...;...;...;...;...;...;...;...;...;...;...;...;...;...;...;...;...;...;...;...;...;...;...;...;...;...;...;...;...;...;...;...;...;...;...;...;...;...;...;...;...;...;...;...;...;...;...;...;...;...;...;...;...;...;...;...;...;...;...;...;...;...;...;...;...;...;...;...;...;...;...;...;...;...;...;...;...;...;...;...;...;...;...;...;...;...;...;...;...;...;...;...;...;...;...;...;...;...;...;...;...;...;...;...;...;...;...;...;...;...;...;...;...;...;...;...;...;...;...;...;...;...;...;...;...;...;...;...;...;...;...;...;...;...;...;...;...;...;...;...;...;...;...;...;...;...;...;...;...;...;...;...;...;...;...;...;...;...;...;...;...;...;...;...;...;...;...;...;...;...;...;...;...;...;...;...;...;...;...;...;...;...;...;...;...;...;...;...;...;...;...;...;...;...;...;...;...;...;...;...;...;...;...;...;...;...;...;...;...;...;...;...;...;...;...;...;...;...;...;...;...;...;...;...;...;...;...;...;...;...;...;...;...;...;...;...;...;...;...;...;...;...;...;...;...;...;...;...;...;...;...;...;...;...;...;...;...;...;...;...;...;...;...;...;...;...;...;...;...;...;...;...;...;...;...;...;...;...;...;...;...;...;...;...;...;...;...;...;...;...;...;...;...;...;...;...;...;...;...;...;...;...;...;...;...;...;...;...;...;...;...;...;...;...;...;...;...;...;...;...;...;...;...;...;...;...;...;...;...;...;...;...;...;...;...;...;...;...;...;...;...;...;...;...;...;...;...;...;...;...;...;...;...;...;...;...;...;...;...;...;...;...;...;...;...;...;...;...;...;...;...;...;...;...
01/07/2020;...;...;...;...;...;...;...;...;...;...;...;...;...;...;...;...;...;...;...;...;...;...;...;...;...;...;...;...;...;...;...;...;...;...;...;...;...;...;...;...;...;...;...;...;...;...;...;...;...;...;...;...;...;...;...;...;...;...;...;...;...;...;...;...;...;...;...;...;...;...;...;...;...;...;...;...;...;...;...;...;...;...;...;...;...;...;...;...;...;...;...;...;...;...;...;...;...;...;...;...;...;...;...;...;...;...;...;...;...;...;...;...;...;...;...;...;...;...;...;...;...;...;...;...;...;...;...;...;...;...;...;...;...;...;...;...;...;...;...;...;...;...;...;...;...;...;...;...;...;...;...;...;...;...;...;...;...;...;...;...;...;...;...;...;...;...;...;...;...;...;...;...;...;...;...;...;...;...;...;...;...;...;...;...;...;...;...;...;...;...;...;...;...;...;...;...;...;...;...;...;...;...;...;...;...;...;...;...;...;...;...;...;...;...;...;...;...;...;...;...;...;...;...;...;...;...;...;...;...;...;...;...;...;...;...;...;...;...;...;...;...;...;...;...;...;...;...;...;...;...;...;...;...;...;...;...;...;...;...;...;...;...;...;...;...;...;...;...;...;...;...;...;...;...;...;...;...;...;...;...;...;...;...;...;...;...;...;...;...;...;...;...;...;...;...;...;...;...;...;...;...;...;...;...;...;...;...;...;...;...;...;...;...;...;...;...;...;...;...;...;...;...;...;...;...;...;...;...;...;...;...;...;...;...;...;...;...;...;...;...;...;...;...;...;...;...;...;...;...;...;...;...;...;...;...;...;...;...;...;...;...;...;...;...;...;...;...;...;...;...;...;...;...;...;...;...;...
01/08/2020;...;...;...;...;...;...;...;...;...;...;...;...;...;...;...;...;...;...;...;...;...;...;...;...;...;...;...;...;...;...;...;...;...;...;...;...;...;...;...;...;...;...;...;...;...;...;...;...;...;...;...;...;...;...;...;...;...;...;...;...;...;...;...;...;...;...;...;...;...;...;...;...;...;...;...;...;...;...;...;...;...;...;...;...;...;...;...;...;...;...;...;...;...;...;...;...;...;...;...;...;...;...;...;...;...;...;...;...;...;...;...;...;...;...;...;...;...;...;...;...;...;...;...;...;...;...;...;...;...;...;...;...;...;...;...;...;...;...;...;...;...;...;...;...;...;...;...;...;...;...;...;...;...;...;...;...;...;...;...;...;...;...;...;...;...;...;...;...;...;...;...;...;...;...;...;...;...;...;...;...;...;...;...;...;...;...;...;...;...;...;...;...;...;...;...;...;...;...;...;...;...;...;...;...;...;...;...;...;...;...;...;...;...;...;...;...;...;...;...;...;...;...;...;...;...;...;...;...;...;...;...;...;...;...;...;...;...;...;...;...;...;...;...;...;...;...;...;...;...;...;...;...;...;...;...;...;...;...;...;...;...;...;...;...;...;...;...;...;...;...;...;...;...;...;...;...;...;...;...;...;...;...;...;...;...;...;...;...;...;...;...;...;...;...;...;...;...;...;...;...;...;...;...;...;...;...;...;...;...;...;...;...;...;...;...;...;...;...;...;...;...;...;...;...;...;...;...;...;...;...;...;...;...;...;...;...;...;...;...;...;...;...;...;...;...;...;...;...;...;...;...;...;...;...;...;...;...;...;...;...;...;...;...;...;...;...;...;...;...;...;...;...;...;...;...;...;...
01/09/2020;...;...;...;...;...;...;...;...;...;...;...;...;...;...;...;...;...;...;...;...;...;...;...;...;...;...;...;...;...;...;...;...;...;...;...;...;...;...;...;...;...;...;...;...;...;...;...;...;...;...;...;...;...;...;...;...;...;...;...;...;...;...;...;...;...;...;...;...;...;...;...;...;...;...;...;...;...;...;...;...;...;...;...;...;...;...;...;...;...;...;...;...;...;...;...;...;...;...;...;...;...;...;...;...;...;...;...;...;...;...;...;...;...;...;...;...;...;...;...;...;...;...;...;...;...;...;...;...;...;...;...;...;...;...;...;...;...;...;...;...;...;...;...;...;...;...;...;...;...;...;...;...;...;...;...;...;...;...;...;...;...;...;...;...;...;...;...;...;...;...;...;...;...;...;...;...;...;...;...;...;...;...;...;...;...;...;...;...;...;...;...;...;...;...;...;...;...;...;...;...;...;...;...;...;...;...;...;...;...;...;...;...;...;...;...;...;...;...;...;...;...;...;...;...;...;...;...;...;...;...;...;...;...;...;...;...;...;...;...;...;...;...;...;...;...;...;...;...;...;...;...;...;...;...;...;...;...;...;...;...;...;...;...;...;...;...;...;...;...;...;...;...;...;...;...;...;...;...;...;...;...;...;...;...;...;...;...;...;...;...;...;...;...;...;...;...;...;...;...;...;...;...;...;...;...;...;...;...;...;...;...;...;...;...;...;...;...;...;...;...;...;...;...;...;...;...;...;...;...;...;...;...;...;...;...;...;...;...;...;...;...;...;...;...;...;...;...;...;...;...;...;...;...;...;...;...;...;...;...;...;...;...;...;...;...;...;...;...;...;...;...;...;...;...;...;...;...
01/10/2020;...;...;...;...;...;...;...;...;...;...;...;...;...;...;...;...;...;...;...;...;...;...;...;...;...;...;...;...;...;...;...;...;...;...;...;...;...;...;...;...;...;...;...;...;...;...;...;...;...;...;...;...;...;...;...;...;...;...;...;...;...;...;...;...;...;...;...;...;...;...;...;...;...;...;...;...;...;...;...;...;...;...;...;...;...;...;...;...;...;...;...;...;...;...;...;...;...;...;...;...;...;...;...;...;...;...;...;...;...;...;...;...;...;...;...;...;...;...;...;...;...;...;...;...;...;...;...;...;...;...;...;...;...;...;...;...;...;...;...;...;...;...;...;...;...;...;...;...;...;...;...;...;...;...;...;...;...;...;...;...;...;...;...;...;...;...;...;...;...;...;...;...;...;...;...;...;...;...;...;...;...;...;...;...;...;...;...;...;...;...;...;...;...;...;...;...;...;...;...;...;...;...;...;...;...;...;...;...;...;...;...;...;...;...;...;...;...;...;...;...;...;...;...;...;...;...;...;...;...;...;...;...;...;...;...;...;...;...;...;...;...;...;...;...;...;...;...;...;...;...;...;...;...;...;...;...;...;...;...;...;...;...;...;...;...;...;...;...;...;...;...;...;...;...;...;...;...;...;...;...;...;...;...;...;...;...;...;...;...;...;...;...;...;...;...;...;...;...;...;...;...;...;...;...;...;...;...;...;...;...;...;...;...;...;...;...;...;...;...;...;...;...;...;...;...;...;...;...;...;...;...;...;...;...;...;...;...;...;...;...;...;...;...;...;...;...;...;...;...;...;...;...;...;...;...;...;...;...;...;...;...;...;...;...;...;...;...;...;...;...;...;...;...;...;...;...;...
01/11/2020;...;...;...;...;...;...;...;...;...;...;...;...;...;...;...;...;...;...;...;...;...;...;...;...;...;...;...;...;...;...;...;...;...;...;...;...;...;...;...;...;...;...;...;...;...;...;...;...;...;...;...;...;...;...;...;...;...;...;...;...;...;...;...;...;...;...;...;...;...;...;...;...;...;...;...;...;...;...;...;...;...;...;...;...;...;...;...;...;...;...;...;...;...;...;...;...;...;...;...;...;...;...;...;...;...;...;...;...;...;...;...;...;...;...;...;...;...;...;...;...;...;...;...;...;...;...;...;...;...;...;...;...;...;...;...;...;...;...;...;...;...;...;...;...;...;...;...;...;...;...;...;...;...;...;...;...;...;...;...;...;...;...;...;...;...;...;...;...;...;...;...;...;...;...;...;...;...;...;...;...;...;...;...;...;...;...;...;...;...;...;...;...;...;...;...;...;...;...;...;...;...;...;...;...;...;...;...;...;...;...;...;...;...;...;...;...;...;...;...;...;...;...;...;...;...;...;...;...;...;...;...;...;...;...;...;...;...;...;...;...;...;...;...;...;...;...;...;...;...;...;...;...;...;...;...;...;...;...;...;...;...;...;...;...;...;...;...;...;...;...;...;...;...;...;...;...;...;...;...;...;...;...;...;...;...;...;...;...;...;...;...;...;...;...;...;...;...;...;...;...;...;...;...;...;...;...;...;...;...;...;...;...;...;...;...;...;...;...;...;...;...;...;...;...;...;...;...;...;...;...;...;...;...;...;...;...;...;...;...;...;...;...;...;...;...;...;...;...;...;...;...;...;...;...;...;...;...;...;...;...;...;...;...;...;...;...;...;...;...;...;...;...;...;...;...;...;...
01/12/2020;76.01;31.23;45.38;68.08;16.23;13.56;5.93;2.29;10.78;2.6;14.96;11.52;7.62;6.41;48.1;67.27;-1.77;22.22;34.58;0.38;34.16;52.76;14.49;45.98;12.11;25.24;-3.13;6.53;11.86;6.84;12.95;0.07;26.43;24.17;6.87;1.01;46.43;10.79;16.78;-2.94;7.72;-0.32;39.28;38.55;24.79;44.23;53.1;-14;42.76;32.88;6.2;17.95;1.12;8.95;22.07;28.62;14.98;27.68;36.56;8.35;27.05;29.63;6.8;26.79;12.71;-6.28;12.6;5.39;11.99;14.06;19.63;27.67;20.78;20.75;33.99;11.78;29.74;17.01;9.23;14;38.98;-3.87;0.35;8.37;-2.71;9.08;-7.8;8.94;6.61;2.57;8.62;16.06;4.62;8.98;1;1.8;18.25;13.77;22.36;5.38;9.38;13.45;22;3.49;17.92;1.77;13.85;1.38;17.16;14.08;11.42;26.93;14;18.29;9.79;2.69;11.37;7.56;9.01;8.22;4.99;1.55;0.84;-0.03;4.33;103.79;14.39;11.1;5.51;1.46;30.56;7.7;5.33;3.53;1.94;8.96;6.72;1.87;7.57;8.76;9.92;9.08;17.83;33.79;5.35;9.98;14.64;12.31;0.83;8.39;6.61;3;7.27;-5.47;6.96;6.54;5.66;3.97;6.81;2.67;10.08;2.96;8.05;2.95;3.66;8.73;5.02;1.85;2.77;2.58;2.58;-7;9.47;7.66;-1.8;8.18;13.4;3.25;17;29.79;18.19;-0.41;11.75;0.7;14.65;-2.68;5.76;9.74;1.81;0.6;9.13;1.42;1.8;5.83;-3.56;4.26;-0.26;9.24;-1.29;9.14;-4.55;-1.12;-8.03;-5.92;36.93;1.73;2.03;4.52;6.67;4.88;4.4;16.15;5.14;10.83;4.02;2.31;12.54;3.31;8.31;8.81;8.45;16.64;5.43;14.3;22.47;1.83;-5.07;7.64;2.09;3.43;15.27;-0.34;-9.01;1.88;2.15;-0.52;-4.06;-13.78;-7.38;-4.47;-4.74;1.96;-2.94;5.37;-2.44;-10.53;0.68;-4.27;-0.14;-0.01;-3.2;-2.92;-4.66;0.02;-11.81;-0.29;-4.14;0.18;21.34;5.36;7.67;6.62;1.32;0;2.27;2.26;-8.32;-17.15;4.74;4.2;-5.77;2.29;4.03;3.7;-7.91;0;5.47;4.44;16.37;2.96;1.07;4.37;2.8;2.39;11.88;3.44;-0.19;1.81;-3.3;0.66;-6.8;2.7;-4.17;-3.23;4.51;-4.16;-0.81;1.49;-2.44;-2.76;-4.09;1.1;-6.26;-7.47;-3.11;2.38;5.46;3.02;4.33;1.35;3;1.56;1.54;2.44;2.76;3.51;0.52;5.03;3.81;-1.71;3.38;2.36;3.56;7.88;4.33;0.47;-0.63;1.91;1.76;-0.92;4.27;3.17;2.13;1.51;1.61;1.83;4.93;15.43;-0.84;14.21;3.1;-6.05;3.22;0;-4.45;-8.07;11.23;-0.72;-1.68;1.96;3.16;-0.93;3.73;5.07;-0.73;-4.69;4.66;1.41;5.5;0.22;1.26;1.2;-6.23;2.08;1.22;-0.73;3.47;2.32;2.71;18.31;3.86;0.05;0;8.51;6.87;0;3.35
01/01/2021;74.14;27.31;54.24;63.95;18.53;14.27;2.82;3.43;11.84;1.75;15.93;9.23;6.4;7.18;59.1;67;1.13;33.95;34.39;1.24;30.98;40.9;43.3;28.51;14.55;25.22;-0.73;6.44;11.33;6.05;12.23;3.05;27.15;26.25;8.37;2.08;33.9;13.05;21.06;-11.13;22.61;-4.07;41.19;31.59;25.84;42.29;38.97;31.8;44.08;26.36;17.6;-12.85;6.53;29.5;27.45;29.35;10.67;19.71;31.85;-7.32;23.04;26.79;11.49;26.96;19.02;3.95;21.07;11.55;20.95;18.68;23.51;29.62;27.16;29.41;34.57;10.54;31.56;22.83;7.79;5.33;36.85;-3.63;-0.94;9.17;-7.3;9.92;0.12;3.33;1.47;1.26;8.41;14.62;6.66;7.94;2.12;-8.67;-5.16;1.82;23.06;6.84;7.47;13.37;22.16;1.8;11.75;1.99;12.3;1.26;14.75;12.95;10.13;25.69;14.29;18.45;12.28;3.57;12.22;9.52;9.53;7.84;4.65;3.89;5.63;0.25;2.17;96.2;17.32;13.42;6.34;3.37;20.21;8.3;5.37;5.4;3.7;11.8;7.16;4.09;8.54;8.06;9.42;11.44;16.23;38.43;5.6;9.96;11.72;11.19;3.22;7.9;4.2;1.92;9.54;-8.48;7.8;6.76;6;5.14;7.31;2.13;11.62;3.89;10.26;2.54;4.71;12.96;5.67;1.24;2.71;1.97;2.47;-6.26;12.44;10.11;-5.65;8.56;14.26;3.82;16.84;27.77;19.09;-0.64;12.68;1.46;16.19;-0.2;6.2;9.32;2.94;1.1;11.4;4.17;6.82;6.88;-3.32;2.84;4.49;11.75;-1.7;2.86;-1.58;0.19;-6.98;-3.59;36.94;1.14;2.53;3.28;7.47;5.31;6.03;13.1;4.42;12.5;5.52;5.88;12.47;7.16;8.6;6.88;6.5;16.83;6.56;12.55;19.88;1.16;-2.81;7.11;2.9;4.23;15.35;-1.19;-8.16;2.2;1.67;0.93;-2.61;-12.85;-6.8;-4.46;-3.61;2.09;-2.2;5.46;-1.7;-12.7;-1;-4.84;0.34;-0.79;-1.85;-3.27;-2.72;0.46;-9.74;-0.98;-4.48;-0.73;22.66;4.9;8.39;8.18;0.58;-0.39;0.95;0.6;-10.17;-28.86;2.95;2.78;-16.7;0.25;4.77;3.47;-5.72;0;4.83;6.04;19.08;3.07;2.13;4.61;3.97;4.53;16.68;3.93;1.08;0.96;-2.09;1.81;-7.26;2.38;-4.03;-3.11;3.6;-4.43;-0.47;0.5;-2.22;-2.02;-4.43;1.05;-6.63;-7.1;-1.65;3.57;5.09;2.68;2.82;2.45;2.62;0.64;1.71;2.51;3.76;2.95;1.62;9.65;5.62;-4.32;8.32;3.84;4.14;8.64;3.65;1.05;0.44;2.32;1.43;-1.13;5.93;9.68;2.45;2.29;1.55;2.45;5.67;17.47;-0.67;12.11;3.2;-6.59;1.49;0;-0.91;-8;9.36;-0.2;-1.94;3.32;3.16;-0.93;3.73;5.07;-0.73;-4.69;4.66;1.41;5.5;6.71;0.96;-0.53;-4.48;1;1.22;-0.73;4.55;2.99;2.41;18.31;3.86;0.05;0;8.51;6.29;0;3.35
01/02/2021;69.8;33.91;51.6;59.52;20.88;11.25;8.27;5.03;11.47;2.2;18.73;5.4;6.49;6.81;62.28;47.84;8.04;22.35;63.71;9.19;33.74;8.41;69.45;10.14;15.63;21.14;-0.29;4.35;11;6;14.85;4.52;27.91;17.69;13.7;5.45;32.08;16.38;23.1;-16.75;26.99;0.94;43.89;18.11;23.48;38.93;40.43;79.01;31.57;30.18;27.42;-6.33;15.21;34.99;29.48;33.73;19.77;17.63;40.44;-8.95;23.55;28;17.68;28.32;27.87;12.14;29.85;24.35;29.47;24.3;32.61;33.61;29.76;32.66;38.37;15.23;36.9;26.82;6.43;6.18;31.13;-2.46;0.07;5.48;-5.27;10.39;-1.36;-0.91;1.92;-1.6;16.5;21.04;2.49;8.3;5.53;-1.28;0.26;9.22;22.9;6.86;9.77;12;23.69;3.68;13.83;1.33;12.2;0.7;15.01;13.33;10.49;20.52;15.16;18.3;12.41;5.35;8.96;9.77;14.74;8.02;4.56;3.37;5.05;3.02;2.48;87.59;19.19;15.9;5.51;3.39;16.56;8.53;5.53;5.15;4.83;13.18;7.86;3.68;9.44;13.61;9.61;7.35;19.3;40.29;4.83;10.33;12.68;10.14;2.87;6.7;4.08;0.61;8.04;-5.3;9.22;8.43;5.69;3.28;6.71;2.2;11.72;2.69;10.65;2.89;3.61;11.48;5.95;1.59;3.19;2.09;3.48;-6.26;15.86;7.15;-7;8.95;19.11;4.19;16.16;28.96;24.12;-0.79;12.82;-2.79;15.37;-1.81;6.38;9.45;0.6;1.07;12.57;3.85;5.34;3.2;-2.47;2.09;7.39;15;0.74;3.91;-1.32;2.5;-6.15;-2.92;36.22;2.18;2.28;4.46;7.08;6.05;6.03;17.05;5.23;14.49;7.49;6.29;13.41;7.83;9.58;6.58;10.13;17.42;5.35;18.89;20.97;1.53;-1.5;8.15;1.09;4.44;16;0.9;-5.11;3.49;3.25;2.16;-2.64;-9.2;-7.5;-4.01;-1.51;1.19;-1.44;5.77;-1.09;-7.96;-0.46;-3.78;0.98;-1.85;-1.32;-2.14;-0.74;2.15;-8.35;0.55;-3.62;1.61;24.48;5.68;9.24;7.47;0.55;-0.47;0.64;-1.49;-10.21;-25.95;2.38;1.63;-15.02;0;4.86;3.23;-8.51;0;5.31;6.62;21.45;4.44;0.66;4.73;5.34;4.65;18.14;3.55;9.05;8.05;4.64;2.4;-7.79;3.45;-2.98;-3.02;3.97;-2.9;0.32;1.06;-0.56;-1.18;-4.08;0.82;-6.26;-6.56;-1.81;3.57;4.68;1.83;1.65;3.48;3.24;0.76;2.06;2.58;1.3;3.58;2.07;5.42;5.13;-3.08;7.65;3.37;4.67;8.98;3.64;-2.36;0.89;2.32;1.01;-0.39;6.01;9.6;2.56;2.35;1.47;3.05;5.08;18.08;0.09;12.43;5.55;-7.08;-0.42;0;2.1;-9.73;5.67;2.72;-2.11;4.1;-0.35;-0.52;2.47;3.86;-2.51;-3.86;0.27;0.94;5.5;6.71;1.17;-1.69;-1.91;3.05;-2.78;-3.59;4.24;4.17;1.31;0.86;3.32;0.05;0;8.51;5.51;0;3.35
01/03/2021;63.56;26.09;51.03;57.01;22.69;10.63;-0.75;6.49;11.27;3.93;18.4;3.69;5.18;6.6;43.51;24.64;9.59;24.4;9.94;25.57;27.37;-19.57;38.22;-17.12;18.04;22.45;-1.62;4.56;11.88;4.88;10.01;8.15;27.81;10.31;9.12;8.77;30.4;16.45;11.05;-5.28;25.48;-0.04;25.33;35.07;16.51;31.33;47.62;62.29;22.57;52.2;46.8;2.33;9.67;19.33;22.3;28.34;21.02;8.45;7.42;-8.35;23.11;26.55;28.42;25.12;32.34;16.18;29.55;26.26;30.28;29.47;33.01;38.63;32.85;35.1;38.22;16.54;36.38;28.53;4.18;4.32;26.19;-2.31;0.19;13.49;-2.09;8;2.48;-2.2;2.65;2.43;11.96;23.45;2.18;6.68;6.83;4.83;3.36;9.34;24.83;5.49;6.76;10.95;22.4;2.94;12.17;0.03;12.88;2.83;14.43;14.29;9.31;15.75;16.64;17.31;13.35;6.53;10.86;10.02;17.46;8.74;5.84;4.94;6.5;3.84;5.84;81.73;17.45;16.45;4.86;4.29;9.96;7.96;7.2;2.7;3.27;9.8;7.66;3.25;9.27;11.28;9.67;5.91;19.6;44.58;2.59;10.85;12.03;9.8;3.62;6.25;0.93;1.05;7.49;-2.34;10.32;7.7;7.08;2.51;6.39;2.69;11.7;2.83;8.16;3.77;3.66;16.43;6.82;4.65;3.42;2.13;3.5;3.82;16.49;8.36;-6.26;10.49;21.12;6.27;16.2;29.34;35.19;-0.92;12.56;-4.71;15.99;-4.39;7.32;9.67;1.42;2.4;12.94;8.19;7.53;5.63;-1.43;1.6;5.49;20.01;2.27;4.57;0.34;3.67;-4.14;-1.56;50.55;4.37;4.45;3.73;8.62;5.81;6.26;15.42;5.73;15.84;7.33;10.23;13.11;8.75;8.75;6.71;12.13;23.51;5.26;24.51;22.41;1.05;-3.33;11.99;1.16;3.21;15.9;-0.42;-3.08;2.97;5.56;1.92;-2.67;-5.75;-7.23;-2.83;-2.21;1.93;-0.51;5.5;-0.48;-2.48;-1.73;-2;-0.6;-0.59;-1.87;-1.87;-1.2;1.84;-7.16;2.38;-2.89;-0.23;22.12;7.8;8.97;6.71;0.34;-0.47;2.41;-1.53;-11.03;-12.79;2.38;0.09;-16.44;0;5.28;3;-4.83;0;5.8;7.37;24.48;4.35;-0.29;4.4;5.65;6.87;2.75;4.14;23.48;25.19;17.1;3.35;-8.61;3.24;-2.99;-3.74;3.28;-3.62;0.99;0.31;1.45;-2.77;-3.96;0.32;-4.31;-7.94;0.44;3.63;4.98;1.74;0.34;4.22;3.97;1.04;2.26;2.66;1.52;3.87;1.49;5.52;5.31;0.09;4.04;3.58;4.86;9.55;2.67;-5.27;1.56;2.95;0.67;0.56;4.93;9.6;3.03;2.4;1.39;4.45;4.64;13.73;-0.3;15.6;8.3;-5.7;-1.4;0;3.61;-9.17;5.27;3.35;-1.24;4.93;-0.43;-1.46;1.11;2.68;-4.74;-4.2;-0.07;1.09;2.03;6.71;0.27;-2.71;-2.52;3.76;-2.92;-1.61;3.63;3.8;1.86;0;3.25;0.05;0;8.51;4.95;0;3.35
01/04/2021;56.67;13.4;42.06;50.74;5.27;13.84;-1.86;7.02;13.69;3.56;16.19;2.49;4.51;6.75;22.2;-6.59;8.25;18.14;-15.09;19.46;30.39;-12.59;4.96;-36.48;18.96;21.13;0.02;8.05;17.23;7.99;7.58;8.96;19.37;6.53;1.57;0.3;29.35;1.8;10.6;0.3;8.07;-10.47;4.61;28.84;6.91;33.05;14.83;25.7;7.73;15.61;45.19;-6.18;20.98;8.8;16.01;13.07;10.73;3.22;-15.6;-11.88;21.78;30.71;30.96;25.61;35.73;23.15;34.41;31.92;36.83;39.13;39.57;40.9;37.94;38.34;46.17;18.57;38.04;31.81;4.78;4.66;-2.15;3.53;-1.14;18.02;0.79;8.79;-1.63;-3.36;0;0.77;7.72;26.59;-2.54;7.68;4.74;1.21;1.56;2.62;23.38;2.85;7.67;13.73;25.04;3.19;15.65;0.28;12.56;5.25;13.79;14.78;3.66;8.17;14.92;15.25;16.46;5.05;10.76;10.86;10.94;9.39;6.96;3.99;5.07;-0.58;8.38;82.34;18.28;18.38;2.24;1.78;10.09;7.36;4.33;1.92;2.64;11.84;3.45;0.31;7.64;6.79;14.03;4.18;19.12;33.35;4.62;10.04;10.96;8.49;3.75;3.42;-10.5;1.75;6.57;-2.77;7.58;7.23;7.18;4.51;6.99;3.14;8.33;4.42;8.17;4.32;4.05;10.2;7.2;6.43;3.65;1.8;3.28;3.98;16.3;8.36;-6.86;10.81;23.31;11.64;16.86;31.3;32.34;-0.96;15.93;3.46;19.41;-4.05;8.16;9.45;3.97;1.69;15.45;13.62;12.2;5.27;3.16;-0.37;8.13;21.11;2.27;5.32;3.43;8.99;-0.56;2.97;52.75;3.58;5.14;3.26;8.9;4.8;5.63;31.98;4.86;15.05;7.22;15.73;15.66;10.91;12.31;10.06;13.34;24.38;6.39;22.99;20.83;0.45;-1.85;10.51;2.45;3.43;16.21;-1.55;-1.27;2.52;8.26;2;-2.48;-3.55;-7.78;-1.68;-2.05;1.43;1.14;6.61;1.4;0.97;-2.13;-0.14;-0.14;-1.66;0.45;-1.94;-0.38;1.53;-2.98;3.25;-2.31;-1.83;21.93;11.97;8.65;8.09;0.28;-0.47;2.41;-1.65;-11.47;-19.37;2.38;0.08;-22.23;0;6.75;2.76;-5.23;0;7.62;7.82;28.43;4.91;-0.36;4.43;6.14;8.46;20.74;6.09;35.57;37.61;24.55;4.67;-1.06;5.9;2.26;-1.41;7.08;1.92;5.17;3.56;5.33;1.99;1.93;4.2;0.28;-5.75;2.36;3.5;5.03;1.86;0.63;5.11;4.78;0.68;2.46;2.73;2.16;4;3.99;1.47;6.88;-0.69;6.91;2.52;5.21;9.77;4.04;-0.35;2.69;2.47;0.45;1.07;4.6;9.38;2.67;2.2;1.31;5.67;0.56;16.41;0.06;19.23;9.13;-2.87;-1.4;0;1.57;-7.31;5.03;3.15;-1.31;5.16;-0.43;-1.46;1.15;2.71;-4.74;-4.15;-0.07;1.09;2.03;6.71;0.18;-1.4;-0.17;4.07;-2.92;-1.61;3.64;3.37;1.71;0;3.25;0.05;0;8.51;6.64;0;3.35
01/05/2021;51.83;13;31.26;58.04;-4.45;14.19;-6.66;7.6;16.08;2.06;15.25;2.74;5.84;6.45;14.94;-18.36;8.1;21.7;-0.05;-8.04;34.47;-6.03;-25.14;-27.13;18.45;23.86;2.25;7.38;15.04;8.2;8.25;12.44;23.12;4.35;-0.53;10.03;37.74;0.07;13.43;4.81;1.43;-15.76;0.64;23.01;1.91;19.84;13.63;8.89;-1.04;14.01;-3.53;3.08;17;14.69;10.29;0.28;7.36;3.48;-6.4;-8.09;26.25;31.81;31.35;31.82;37.23;31.07;36.7;36.54;38.95;43.88;38.62;44.5;42.87;40.61;43.19;21.55;44.24;32.75;3.43;0.81;-2.17;5.37;-1.72;16.12;3.17;5.9;-0.87;-3.51;0;-0.54;5.22;21.44;-2.67;7.74;6.68;-4.88;1.04;7.19;22.79;2.53;11.24;13.8;25.94;6.03;15.31;-2.51;15.51;9.78;16.18;14.69;7.72;9.56;21.21;16.07;18.12;7.06;10.69;12.18;12.49;7.77;6.26;4.64;7.54;1.71;4.83;86.87;18.01;19.47;2.89;3.17;16.84;7.79;4.82;3.79;4.4;12.64;5.56;2.06;5.01;16.06;13.67;2.08;19.08;31.23;4.57;10.32;12.41;8.91;7.02;5.22;-11.78;5.37;11.34;-0.22;9.15;6.42;7.14;5.15;7.18;4.14;9.69;5.42;4.07;3.89;4.64;13.45;7.51;4.27;3.66;1.6;4.94;12.84;19.51;10.77;0.06;10.3;22.96;9.37;17.72;27.66;36.29;-0.8;12.72;-2.57;19.7;-0.59;7.18;8.9;3.93;-0.67;14.52;13.14;11.33;5.15;4.34;1.16;8.01;24.05;7.77;11.63;7.81;13.54;3.92;4.23;50.63;3.74;5.93;4.36;10.52;6.29;5.33;26.57;6.27;16.06;7.58;14.66;15.56;10.2;14.54;7.54;16.02;23.36;5.4;16.64;15.39;1.04;-4.36;9.37;2.25;3.1;16.47;1.33;2.85;3.71;8.11;3.31;-0.29;-0.46;-5.62;1.06;-1.24;4.94;3.11;6.41;3.47;1.11;-3.14;-1.44;0.35;-0.28;1.68;-0.09;-0.17;2.76;-1.89;4.86;-0.75;-0.13;22.55;13.06;8.83;7.98;0.58;-0.35;2.41;-1.43;-10.12;-20.7;5.32;0.04;-24.62;0;7.18;2.53;-6.18;0;10.05;8.15;29.43;5.68;1.13;4.74;7.4;6.79;14.35;6.99;45.8;65.24;39.26;31.13;2.49;6.62;7.01;-0.08;9.83;5.8;7.92;5.83;8.17;3.81;5.94;6.69;3.29;-2.32;1.74;3.43;5.29;3.15;0.77;5.56;4.63;0.97;2.58;2.8;2.21;6.34;2.2;4.09;6.49;-0.53;7.82;3.14;5.07;11.65;5.51;-4.98;1.71;3.02;0.25;1.72;3.99;8.91;3.21;2.55;1.23;5.9;1.04;15.82;1.97;16.67;12.01;-4.18;-1.53;0;5.86;-4.99;3.16;4.81;-1.36;5.15;-0.43;-1.46;1.15;2.71;-4.74;-4.15;-0.07;1.09;2.03;5.52;0.17;-1.48;1.07;3.4;-2.92;-1.61;2.39;5.6;2.16;0;3.4;0.05;0;8.51;6.01;4.82;3.35
01/06/2021;46.21;6.85;22.92;48.19;-8.26;13.69;-3.98;8.13;22.01;5.2;14.3;1.99;7.19;5.43;9.6;-31.36;4.23;24.32;-7.8;-17.95;19.74;0.27;-35.71;-27.93;25.14;28.38;1.51;7.47;13.83;8.84;10.91;16.84;24.66;7.97;1.51;4.59;38.59;-1.95;8.45;-5.47;-0.24;-17.61;-0.11;9.24;2.59;17.5;16.9;0.17;-0.87;8.08;-23.74;-0.7;7.16;9.7;12.34;-12.78;5.53;3.47;-6.3;-5.4;20.91;32.65;30.66;36.2;36.26;35.15;37.38;34.49;39.09;44.14;40.6;46.06;45.54;40.11;47.74;22.79;45.22;33.69;4.01;0.63;-0.4;8.8;-2.17;15.64;4.01;3.51;-0.26;-2.61;0;4.24;3.84;24.87;-1.71;8.54;7.56;-2.14;0.91;7.25;21.93;1.63;13.49;14.99;24.9;7.77;19.44;-1.82;14.37;11.11;19.77;18.46;6.95;11.38;21.26;17.58;15.62;9.67;12.87;11.74;13.63;8.47;7.29;7.86;11.64;5.33;4.68;83.79;16.85;20.03;2.39;3.67;13.27;10.96;5.04;4.49;5.02;11.67;4.87;3.13;5.74;11.71;12.82;2.93;20.59;30.45;4.23;10.87;13.62;8.67;1.73;4.02;-14.39;6.86;10.97;-0.68;10.94;6.62;6.79;6.57;6.61;5.1;8.85;7.43;5.05;4.47;6.29;15.52;8.99;5.88;4.03;2.19;5.84;19.32;22.74;10.47;-0.38;10.72;23.27;9.52;17.73;25.1;37.98;-0.52;13.64;-2.77;22.08;0.46;8.02;10.13;3.75;2.06;16.83;13.64;12.45;7.95;1.21;2.64;7.64;24.25;13.38;14.2;9.32;14.37;7.27;2.87;36.37;3.54;6.71;4.1;11.21;8.02;5.87;24.37;5.9;14.94;10.94;15.92;13.04;6.84;11.58;6.72;17.01;22.31;4.11;15.05;11.24;1.92;-1.51;8.35;5.09;3.95;16.77;2.5;2.33;6.05;8.07;4.92;1.01;0.65;-4.79;3.46;1.59;5.88;3.91;8.63;5.28;-1.22;-3.69;-0.58;1.58;-0.33;3.27;2.25;1.17;4.24;-1.82;7.34;1.54;2.76;23.18;11.38;8.78;8.31;0.58;0;2.41;-1.08;-9.79;1.2;5.66;0.02;-13.23;0;7.34;2.3;-5.54;0;12.02;7.67;31.88;5.18;0.17;4.83;8.04;9.25;17.82;6.76;42.21;59.61;40.74;30.03;1.48;6.32;5.05;-0.24;7.33;4.61;5.8;4.62;7.72;4.69;2.96;3.91;2.07;-3.32;1.59;3.83;4.9;2.81;1.44;5.77;5.07;1.68;2.55;2.87;1.72;5.92;0.84;4.5;7.24;2.54;13.12;3.79;5.56;11.55;6.12;-3.06;2.98;4.8;0.06;2.09;5.48;8.77;5.44;2.42;1.16;6.22;1.04;12.95;1.92;14.88;12.66;0.28;-1.35;0;4.54;-4.02;5.53;4.56;-0.62;5.01;-0.43;-1.46;1.15;2.71;-4.74;-4.15;-0.07;1.09;2.03;2.49;0.32;-2.97;1.99;4.92;-2.92;-1.61;2.41;5.45;2.17;1.72;3.58;0.05;0;8.51;3.32;4.82;1.87
01/07/2021;39.69;11.34;19.13;42.43;-3.34;11.53;-4.75;10.36;21.95;8.3;13.65;2.45;10.48;6.16;9.94;-19.71;1.46;37.19;20.17;16.6;35.17;42.96;-40.38;2.67;31.12;32.75;4.93;8.42;12.08;10.36;6.22;16.39;8.3;8.32;0.51;7.1;44.21;1.59;7.67;-4.49;1.18;-4.98;-1.67;5.74;1.67;28.02;37.2;-18.93;-1.65;5.57;-20.09;-3.59;0.51;10.39;6.61;-17.4;1.87;1.3;-2.85;-8.74;14.59;25.69;32.07;36.81;34.08;33.56;33.51;32.97;39.07;38.86;37.66;43.42;40.41;36.65;42.68;13.55;37.59;32.88;5.08;1.8;0.57;10.26;-2.03;12.91;3.54;5.77;7.07;-2.03;0;4.99;7.46;22.13;0.16;10.48;8.03;-2.44;0.58;8.93;16.64;3.45;15.03;17.16;24.66;9.9;22.28;-1.11;15.09;15.55;20.82;21.88;11.22;11.29;19.45;16.54;13.52;12.39;16.37;11.82;17.84;7.95;8.47;6.13;14.73;3.69;3.71;84.31;17.45;23.01;3.1;3.66;12.43;13.21;3.69;4.27;6.91;10.38;5.19;3.09;4.31;9.16;14.54;5.17;20.37;30.59;4.45;11.18;12.27;7.31;4.19;4.9;-14.82;6.98;13.09;-1.11;8.59;8.38;7.66;6.98;6.71;5.2;9.97;7.37;8.91;5.41;4.31;17.01;10.91;6.3;4.45;3.05;6.17;22.49;24.44;10.62;2.61;12.4;30.23;11.11;12.1;20.54;41.63;-0.19;14.57;-4.32;21.56;-0.49;11.08;12.32;4.9;0.85;17.6;16.37;14.06;9.17;-2.56;2.86;6.64;29.29;13.93;20.09;9.35;15.73;9.77;-0.25;35.28;2.84;5.8;3.14;13.49;11.6;6.19;25.45;6.37;15.14;12.49;14.97;13.18;6.37;8;7.16;18.09;20.83;2.8;15.07;8.67;2.51;0.24;7.74;5.95;4.4;16.26;6.34;4.6;8.09;9.23;7.3;3.21;1.74;-2.76;2.92;2.43;6.94;3.78;8.81;5.68;0.67;-3.34;-1.42;1.37;0.22;5.03;3.55;2.04;4;-0.14;7.79;1.9;4.96;21.75;10.92;8.66;10.38;0.96;0;2.41;-0.78;-7.19;42.85;4.68;-0.44;3.29;0;7.58;2.06;-2.6;0;13.61;8.58;32.45;5.85;0.53;10.07;10.4;9.33;28.93;7.42;39.65;57.27;36.35;29.46;2.21;3.6;4.11;-1.24;5.43;4.3;5.06;2.2;5.51;4.81;2.57;1.95;3.68;-1.69;-0.44;4;5.25;3.12;1.5;6.61;5.06;1.5;2.53;0.87;1.88;5.42;0.76;0.65;7.99;3.66;10.46;3.37;6.01;11.98;9.14;-5.77;1.37;4.49;0.69;2.11;6.27;8.07;6.44;2.42;1.08;7.43;2.12;10.57;3.36;15.64;15.81;3.24;-1.22;0;4.71;-1.96;6.19;5.71;0.56;3.92;-0.43;-1.46;1.15;2.71;-4.74;-4.15;-0.07;1.09;2.03;22.83;1.43;-0.36;4.63;7.08;-2.92;-1.61;0.9;7.4;2.55;1.82;3.5;0.1;0;8.51;2.78;4.82;0.85
01/08/2021;32.68;12.33;17.69;40.28;1.81;13.67;-2.88;12.64;28.15;5.58;14.23;4.49;13.02;7.6;25.53;9.9;-5.32;41.58;58.43;59.26;59.47;31.41;-30.69;5.18;37.74;35.92;8.27;9.36;11.62;10.47;8.76;19.73;20.57;13.33;12.07;11.82;75.67;9.69;13.07;-0.3;1.59;-1.65;1.04;11.56;15.46;27.93;33.42;-29.45;-4.97;-7.74;-22.69;-1.82;-2.95;19.41;10.41;-12.51;2.47;3.07;2.31;-0.15;13.06;18.75;34.23;35.47;31.94;35.27;32.99;29.84;36.09;33.58;34.32;38.89;35.86;32.55;37.32;9.68;33.31;33.07;4.37;0.57;1.13;8.99;-1.68;19.04;5.78;7.7;5.24;-1.63;0;4.47;10.06;23.92;2.28;9.8;9.27;-2.38;0.1;6.21;10.6;5.54;15.9;13.46;22.02;9.75;22.77;1.55;12.58;11.85;25.94;25;14.26;7.92;16.62;16.94;14.86;12.87;13.86;11.78;12.97;8.26;9.12;6.38;15.2;5.88;5.26;67.7;15.66;24.77;3.13;5.86;10.04;22.54;5.82;4.59;7.62;8.56;3.51;1.85;3.16;7.64;14.23;8.22;21.66;25.41;6.53;9.93;12.73;7.28;0.46;6.02;-2.66;7.18;12.9;6.75;7.43;9.7;6.79;8.7;6.72;6.4;10.57;6.32;9.79;5.94;4.72;12.72;9.75;6.09;4.51;3.35;4.64;24.47;23.07;10.27;6.19;12.8;31.15;10.05;5.35;10.42;36.64;0.06;15.02;-2.75;19.23;-0.11;11.94;11.51;4.46;1.11;16.77;17.17;18.83;6.95;-0.23;3.63;5.03;31.7;18.99;21.08;10.46;19.23;12.59;2.66;27.72;2.61;6.73;3.31;14.48;10.38;5.3;23.85;5;16.8;11.96;16.29;13.08;7.36;7.17;7.36;18.65;18.36;1.8;18.76;6.98;2.81;2.1;9.38;8.21;4.61;15.32;7.28;5.6;9.31;16.64;10.19;5.17;2.96;-3.49;5.88;5.4;9.02;5.24;9.21;7.44;3.05;-1.44;1.38;4.57;3.12;7.05;4.52;3.24;5.39;2.51;9.44;3.48;7.42;18.49;10.74;9.04;9.94;1;0;2.41;0.16;-4.8;30.15;4.68;-0.34;6.06;0;9.76;1.83;-0.65;0;15.95;8.58;31.91;6.11;1.71;10.09;12.48;8.58;30.58;8.27;39.09;62.26;35.42;33.18;3.57;4.02;4.3;0.36;6.55;5.78;5.14;3.25;3.7;4.26;3.03;0.94;3.87;-0.98;-1.16;4.06;5.62;3.11;0.06;4.73;4.57;1.82;2.9;0.18;1.44;5.54;1.68;2.91;7.64;3.87;3.81;3.23;4.84;13.2;6.75;-2.9;0.83;4.29;1.08;3.81;5.63;8.05;5.87;2.52;1;6.15;2.93;9.72;3.27;16.01;17.87;3.97;-0.43;0;5.75;0.84;10.11;6.47;2.2;1.88;5.7;7.01;6.25;6.51;-0.8;2.68;3.31;1.4;2.03;29.41;1.43;0;6.58;9;-0.16;-1.03;-0.34;8.07;2.88;1.82;4.07;0.21;0;0;4.11;11.52;0.85
01/09/2021;11.37;12.56;10.74;20.42;1.92;16.67;-3.1;12.81;28.9;1;12.42;4.52;13.04;9.26;54.28;24.71;-3.5;45.27;64.93;52.56;96.34;24.32;-26.47;-3.72;43.9;38.37;7.41;4.96;11.94;9.47;14.2;27.2;20.6;11.82;8.95;2.69;57.9;9.87;10.67;5.2;7.25;4.51;-3.55;17.18;22.36;16.3;40.25;-34.71;-5.69;26.02;-13.79;-9.81;8.4;16.57;25.68;2.41;7.37;16.07;-11.15;5.57;13.53;10.46;31.95;21.03;26.88;37.57;26.31;24.54;28.53;25.44;30.81;31.3;34.59;28.85;29.8;1.63;26.92;26.82;2.52;0.64;0.71;9.07;-3.29;22.13;9.16;9.85;5.83;0.56;0;5.33;9.52;20.75;4.75;10.21;7.67;-0.77;1.11;5.72;9.3;6.3;18.31;12.63;17.76;11.01;20.17;0.7;8.62;10.85;28.78;28.91;15.98;3.18;7.69;13.14;14.42;13.31;15.42;9.32;14.87;6.39;7.05;7.06;16.67;7.7;5.81;32.06;12.17;24.97;2.55;6.47;8.48;28.54;5.3;4.42;7.75;7.06;5.07;1.65;1.61;4.86;11.39;9.37;18.1;15.61;9.23;9.26;11.81;6.81;0.35;4.51;2.91;6.11;9.88;5.62;5.49;9.48;7.14;10.32;7.84;6.69;8.96;6.53;11.23;6.46;8.72;10.8;7.55;6.22;5.42;2.8;4.44;23.69;25.09;7;4.9;14.65;25.67;9.87;4.5;5.9;34.02;0.33;15.83;-1.86;16.15;3.31;9.21;10.29;5.12;2.68;15.8;16.55;15.33;6.54;3.99;2.69;6.52;34.67;20.36;28.82;10.37;19.11;14.32;5.48;26.74;3.46;6.57;3.91;12.82;10.01;4.24;18.06;5.65;16.3;11.2;18.13;13.1;8.47;6.65;9.31;18.73;18.31;1.75;17.67;2.26;4.17;-1.91;6.92;9.4;4.73;15.36;7.8;6.01;9.6;14.21;10.15;4.78;5.34;-2.91;6.35;5.26;7.96;5.91;9.82;6.57;3.75;0.7;1.96;4.81;3.71;8.66;5.11;2.81;6.57;4.07;7.66;3.12;9.02;15.92;11.82;8.82;8.99;1;0;2.41;0.41;-2.8;56.81;4.68;-0.93;14.08;0;11.49;1.6;5.37;0;17.94;8.52;33.14;4.23;0.35;9.91;13.82;9.66;26.32;8.67;39.6;64.77;33.05;38.46;5.06;5.26;3.35;1.7;5.28;5.17;5.86;2.1;3.79;3.94;1.54;2.56;5.13;-0.31;-1.5;4.08;5.48;3.19;-1.05;4.68;5.15;2.37;2.96;2.49;1.93;6.06;0.53;7.42;7.39;1.13;4.26;4.13;6.2;13.74;5.64;4.83;2.72;5.02;1.16;4.54;3.73;8.05;11.13;2.46;0.93;5.59;2.95;8.07;4.46;16.16;18.07;3.8;-0.12;0;8.98;2.65;14.16;6.98;1.99;2.35;5.7;7.01;6.25;6.51;-0.8;2.68;3.31;1.45;4.1;28.36;1.43;0.14;7.8;9.47;-0.01;-0.5;1.04;8.17;3.31;1.82;5.51;0.21;0;0;3.24;11.52;0.85
01/10/2021;-3.15;7.11;6.68;17.47;0.04;18.45;-2.07;14.28;30.64;0.09;15.36;6.54;13.98;6.59;51.21;23.64;-8.7;40.72;2.05;2.83;85.37;31.99;-17;10.53;47.82;42.47;7.49;8.01;10.5;9.3;11.12;30.38;14.57;0.31;13.14;12.09;39.32;12.9;11.09;4.16;1.49;1.45;-11.19;18.01;19.91;16.33;14.64;-43.53;-10.73;21.63;-5.01;-0.46;17.21;24.07;28.86;15.46;3.09;18.25;-16.52;7.68;12.03;4.94;31.35;20.08;22.16;38.07;20.81;22.32;25.98;21.93;24.29;25.94;25.73;21.58;26.71;6.36;18.96;28.59;-0.43;3.72;0.01;9.38;-4.68;13.01;7.22;8.15;4.01;0.37;0;3.66;12.1;20.7;7.27;8.22;13.04;-0.43;0.83;1.45;6.77;4.7;15.18;9.83;17.35;14.22;15.23;4.12;9.62;9.09;29.26;33.28;17.31;2.14;6.18;11.21;15.15;15.26;19.26;8.27;9.39;7.14;7.72;5.8;18.69;8.63;7.08;14.67;9.79;25.74;1.94;8.59;-6.53;34.53;6.82;5.42;7.87;1.45;4.06;1;3.97;2.43;10.98;6.4;15.07;13.05;7.27;9.52;12.63;5.16;1.23;5.25;7.01;7.28;6.85;9.21;5.07;10.43;8.57;12.42;7.28;7.04;9.93;7.41;8.76;5.64;3.94;4.28;9.62;7.24;6.17;2.62;4.37;24.01;25.43;3.6;3.12;15.25;23.72;8.9;2.76;1.68;36.31;0.74;15.09;-2;12.28;6.09;10.11;9.74;5.57;4.06;13.76;16.03;14.74;4.62;10.22;3.54;6.86;37.86;20.36;30.27;11.88;18.99;15.16;5.13;12.66;3.16;5.04;4.74;13.27;9.56;4.93;12.83;4.57;14.83;9.65;17.14;3.23;11.12;3.44;9.15;16.92;19.94;2.63;15.74;-0.17;4.22;-0.91;2.16;8.25;4.95;14.04;8.87;9.93;7.8;12.92;9.89;7.22;5.47;-2.13;8.33;6.85;6.97;5.84;10.86;6.94;5.84;0.68;1.82;5.73;6.23;8.6;8.17;4.15;7.34;4.2;6.89;4.37;12.63;15.41;8.7;8.15;8.99;0.99;0;2.41;0.83;-0.48;50.11;4.68;-1.1;36.66;0;12.77;1.37;4.94;0;19.63;9.97;29.9;5.73;-0.3;8.58;14.71;10.32;19.94;10.11;42.72;67.41;41.34;39.58;5.17;8.11;5.16;4.26;5.62;6.82;7;3.17;5.32;4.61;2.67;2.7;5.92;-0.04;-1.64;3.77;5.04;3.4;-2.94;4.74;4.87;2.79;3.28;2.44;1.85;6.72;0.19;8.78;6.56;2.8;2.4;2.14;5.68;15.13;8.07;0.31;4.71;4.3;1.17;4.82;5.61;8.12;8.04;2.42;0.85;7.6;2.31;7.27;4.3;12.84;23.76;4.56;-1.1;0;9.64;4.44;16.76;8.24;2.74;5.29;5.7;7.01;6.25;6.51;-0.8;2.68;3.31;1.45;4.51;22.52;1.43;2.74;8.31;9.12;-0.01;-0.5;1.04;9.29;4.42;1.82;10.55;0.68;0;0;2.66;16.9;0.85
01/11/2021;-12.13;6.34;0.52;16.03;-2.91;21.38;-3.32;12.49;32.1;2.7;14.45;5;14.49;8.61;30.72;-3.08;-7.58;38.33;10.6;-7.73;54.95;13.06;-2.72;2.97;51.38;40;8.02;7.55;8.42;7.65;10.03;28.16;12.48;0.82;11.35;12.09;-0.2;12.8;11.77;-1.11;3.14;-3.77;-13.65;17.16;11.56;0.85;10.31;-23.64;-16.43;17.81;4.31;6.23;27.99;20.31;22.45;14.39;-3.87;11.45;-13.68;-0.46;10.34;-6.2;23.75;16;14.75;29.66;13.87;16.59;16.74;13.73;14.16;14.64;17.92;9.74;18.54;2.91;8.88;16.92;1.37;-3.07;2.28;7.49;-4.53;12.71;6.12;7.44;9.56;2.83;-1.43;-0.37;11.43;20.31;6.6;7.85;11.9;1.91;2.72;-0.31;5.43;3.65;12.37;8.86;15.75;12.76;6.13;7.27;5.48;4.4;22.9;33.57;13.29;0.69;5.46;9.95;15.93;15.35;17.29;7.88;7.95;8.03;5.94;5.85;16.8;8.53;10.61;6.58;9.72;24.35;0.85;7.77;-10.87;41.52;9.6;5.6;8.95;1.48;2.8;2.05;2.69;3.9;8.54;8.48;13.97;9.71;8.8;7.96;11.28;2.67;9.12;8.2;7.54;9.54;9.1;10.46;5.74;11.36;6.49;10.36;6.71;7.46;6.13;6.57;5.26;5.67;3.73;13.9;8.28;6.08;6.59;3.05;4.57;29.96;19.76;2.11;0.48;17.36;19.29;5.95;3.28;-0.61;30.48;1.09;11.54;-6.55;8.56;3.57;8.56;10.35;6.68;3.83;11.09;17.03;14.65;5.1;9.42;4.67;6.03;38.88;20.87;31.87;13.18;19.09;18.75;7.9;11.89;2.18;2.8;3.65;9.75;7.72;4.19;11.57;4.85;13.06;9.2;19.61;-0.24;12.48;6.17;8.97;13.87;22.35;3.92;18.65;-0.7;7.74;-0.54;0.66;10.12;4.22;8.98;9.68;10.81;8.7;10.03;12.26;6.57;5.62;0.28;7.83;8.82;7.02;6.87;9.84;8.15;5.65;3.37;3.7;5.58;7.33;8.88;9.63;3.95;8.65;8.22;9.01;5.29;14.12;13.64;7.46;7.94;8.39;1.1;0;2.41;1.44;2.5;36.53;4.68;-1;35.49;0;14.24;1.12;4.34;0;19.84;8.25;28.75;5.64;0.63;8.09;15.99;9.33;16.28;11.57;50.78;69.4;49.56;43.67;6.86;9.26;7.93;5.47;7.07;9.26;7.54;4.15;6.54;6.88;3.48;2.83;6.45;2.1;-1.56;3.94;5.09;4.09;0.21;3.88;5.05;4.18;3.13;2.38;3.6;6.64;1.05;1.43;7.3;3.45;-6.75;1.46;6.44;14.53;6.7;4.11;7.63;6.23;1.24;5.72;6.62;8.12;7.98;2.68;0.78;7.88;1.43;6.2;4.87;11.55;24.5;8.96;0.24;0;11.11;7.51;16.69;6.41;4.05;5.75;5.7;7.01;6.25;6.51;-0.8;2.68;3.31;1.45;4.65;32.41;1.43;4.4;8.78;7.75;-0.01;-0.5;0.6;7.43;4.37;1.82;10.55;0.16;0;0;2.34;16.9;0.85
01/12/2021;-16.88;7.35;-3.18;10.61;-8.12;18.61;-6.22;12.45;32.82;2.38;14.51;6.13;10.86;6.78;18.41;-22.82;-5.24;48.08;18.77;26.11;39.16;18.6;18.3;-4.77;47.87;37.55;7.9;7.1;7.9;7.96;1.78;28.07;10.05;-0.02;8.23;8.84;-2.63;7.41;8.6;2.21;2.41;1.09;-13.36;21.67;13.85;-3.42;-1.37;12.68;-23.76;36.01;22.4;8.29;25.53;24.74;29.59;11.11;-2.07;1.94;-17.13;0.04;14.73;-4.65;17.71;10.42;11.83;30.91;11.7;10.84;11.25;7.77;11.58;12.02;11.77;8.36;6.77;-1.2;6.98;17.36;1.42;-2.38;2.35;8.52;-4.15;14.89;8.42;7.25;9.36;3.58;-0.12;-1.27;15.95;14.68;4.63;3.92;10.14;3.47;5.03;0.84;2.41;2.39;9.33;8.17;11.29;7.6;5.71;7.14;5.41;4.82;19.89;29.85;13.24;-3.72;4.33;7.01;14.89;15.61;17.47;6.68;9.39;7.49;6.38;6.48;16.84;10.04;9.8;4.16;8.47;23.13;2.92;10.78;-9.98;50.24;12.77;7.28;8.7;1.93;2.42;2.68;4.47;2.67;4.97;10.25;11.94;-1.04;4.91;7.86;9.87;1.12;15.58;7.42;9.3;8.36;6.79;9.26;6.27;11.79;5.32;8.75;4.97;7.82;6.34;5.55;4.36;4.82;-1.49;14.28;8.68;7.96;6.96;4.31;5.15;37.09;18.87;2.4;2.62;18.23;21.23;4.71;2.98;-0.17;23.12;1.41;10.93;-6.3;8.19;0.14;8.42;8.36;6.88;3.4;8.53;19.98;14.71;5.4;7.1;5.48;7.75;36.99;28.49;21.21;12.85;17.36;18.76;9.35;4.7;4.18;5.27;3.98;10.91;6.62;4.13;5.04;5.56;11.73;9.37;20.21;-0.89;14.74;6.64;9.49;11.5;19.17;2.68;21.89;-1.4;8.69;-0.1;1.69;10.74;3.62;9.03;11.21;12.38;10.54;11.75;13.97;8.76;7.41;3.22;8.66;11.5;7.83;7.28;9.57;8.04;4.32;3.47;7.76;8.17;9.24;11.25;10.6;6.11;9.46;9.31;10.62;6.61;13.9;14.19;8.11;8.31;9.01;1.2;0;2.41;1.55;2.53;17.59;4.68;-1;33.75;0;16.16;0.91;9.06;0;18.62;10.89;28.94;6.43;1.23;5.93;15.05;8.74;16.67;12.64;47.49;62.23;46.04;38.72;7.51;7.93;7.96;5.49;7.24;9.21;7.14;3.26;7.96;7.72;3.49;2.95;6.67;3.07;0.42;3.39;4.89;3.67;1.93;3.97;4.26;3.81;3.36;2.32;2.88;7.4;0.98;2.89;6.45;-0.69;-0.97;1;7.32;14.65;6.1;-0.39;7.41;8.26;1.34;5.85;7.11;8.12;7.49;2.08;0.7;7.09;2.1;7.86;6.08;9.55;23.7;8.83;-1;0;10.72;9.14;12.6;7.74;3.04;6.09;4.1;6.15;5.36;5.25;-0.98;3.48;-0.51;2.26;5.04;35.68;1.79;5.67;9.45;8.74;-0.3;-0.5;0.1;7.4;2.99;1.82;10.55;0.16;0;0;3.42;16.9;0
01/01/2022;-19.28;2.75;-7.85;5.62;-9.05;20.21;-3.8;11.91;33.63;3.35;13.9;9.55;10.63;8.96;3.15;-23.64;0.57;36.8;24.46;43.33;35.04;20.09;13.12;21.21;44.3;37.67;6.2;8.13;9.47;10.19;4.05;24.61;16.97;-7.09;10.8;12.81;10.28;8.71;13.72;3.49;-5.16;0.96;-9.34;24.57;16.94;22.35;2.84;-7.04;-25.51;46.19;11.87;9.18;23.88;11.47;21.74;14.55;-0.3;2.31;-7.14;22.4;16.06;-5.96;14.78;11.06;15.43;30.56;12.74;13.7;14.97;9.73;15.37;12.99;11.14;9.82;8.58;0.13;8.14;15.29;0.57;0.66;-0.09;8.27;-5.32;10.3;11.13;6.52;4.14;4.86;2.36;-2.1;18.18;16.96;4.75;3.63;10.59;5.35;6.43;3;-0.77;1.79;10.03;8.2;9.32;9.36;5.18;4.77;2.34;5.69;18.96;26.97;12.4;-2.02;3.04;6.24;14.24;16.69;16.11;6.17;9.25;9.44;6.45;6.41;16.6;11.31;11.54;6.8;8.6;22.75;1.32;9.22;-4.39;56.87;13.81;6.78;7.83;4.7;2.69;0.71;1.54;4.36;5.83;9.91;13.39;-1.96;5.67;8.44;9.74;2.97;10.91;8.72;9.83;7.92;10.47;10.84;6;11.65;4.05;10.87;5.97;7.74;3.99;5.83;6.67;4.93;-1.87;12.13;7.48;9.3;8.01;4.17;5.11;36;18.81;0.48;5.7;19.41;18.86;5.29;2.95;-0.79;22.1;1.68;6.82;-5.03;8.4;-4.23;6.98;9.11;6.85;4.91;7.09;16.9;13.3;7.52;9.15;6.46;4.31;31.78;32.23;27.02;13.51;18.34;21.03;8.95;4.88;4.92;5.61;5.37;9.11;7.27;4.47;4.12;5.62;11.41;9.29;21.37;2.51;14.16;8.69;12.52;14.89;18.89;3.38;21.58;3.07;10.46;-2.49;3.62;10.49;3.13;9.82;12.32;12.25;11.8;15.66;15.88;9.15;7.59;5.4;10.57;12.79;9.69;7.72;9.79;9.42;5.99;6.41;10.11;8.99;9.44;11.18;11.78;7.64;10.84;10.54;12.74;8.43;17.73;12.23;11.99;8.91;8.1;1.38;1.23;2.41;2.63;5.94;19.92;4.68;-0.89;24.81;0;17.18;2.55;9.62;0;19.07;8.97;27.82;8.58;2.31;5.65;16.04;7.98;8.9;13.97;42.71;54.95;45.72;35.62;7.22;8.88;8.79;5.55;8.62;9.73;7.25;4.06;7.45;7.04;3.44;2.46;5.83;2.85;-0.24;3.39;4.93;3.66;3.03;2.87;5.26;4.62;3.58;0.95;2.44;7.97;1.28;9.05;5.95;3.24;0.55;0.7;7.76;15.17;8.26;6.36;6.7;7.11;1.41;7.57;6.21;10.81;9.04;1.5;0.85;7.89;2.41;6.2;6.93;11.7;24.84;12.03;-1.62;0;8.7;11.44;13.55;7.5;5.01;4.96;4.1;6.15;5.36;5.25;-0.98;3.48;-0.51;2.26;11.72;27.17;1.75;6.98;9.59;7.67;-0.3;-0.5;-1.89;7.22;4.84;1.82;10.55;0.92;0;0;3.05;16.9;3.03
01/02/2022;-17.92;10.96;-5.76;10.42;-3.24;21.28;-2.97;12.01;31.76;4.35;14.88;12.12;10.05;10.6;-3.65;10.55;5.72;46.23;34.45;39.09;36.33;31.33;1.05;83.42;43.77;36.3;8;10.74;9.39;11.63;9.96;31.41;30.62;0.78;20.44;17.93;37.76;13.53;19.84;13.59;-7.89;1.64;-13.04;22.72;18.65;29.45;-4.85;-11.27;-14.47;57.24;0.91;21.79;50.11;22.91;13.77;16.09;0.36;2.77;0.01;23.87;15.42;-6.88;10.87;8.07;14.18;21.77;10.93;12.28;12.3;10.16;11.26;11.46;9.27;10.1;8.5;0.9;6.45;11.97;0.67;1.22;8.02;7.93;-5.37;17.27;11.07;6.44;4.37;4.94;1.64;-2;13.28;11.68;5.36;3.7;7.93;-3.13;6.92;0.9;-0.8;1.08;6.93;6.36;6.74;7.62;3.91;6.26;1.72;7.69;15.26;25.16;12.28;2.37;-2.13;5.81;14.47;17.5;18.15;5.82;5.36;11.57;7.11;7.82;16.4;12.31;12.61;10.94;8.86;20.58;3.3;9.66;-2.36;61.19;15.43;6.58;8.39;4.86;2.13;2.23;0.72;3.49;5.3;9.92;13.45;-4.8;6.69;8.65;10.17;4.88;9.62;10.01;5.13;10.76;13.81;9.48;5.12;12.81;5.94;12.61;6.53;7.3;4.76;6.37;5.6;5.97;-1.48;13.28;8.93;10.14;8.35;4.81;4.73;37.71;15.03;1.31;3.65;20.97;15.85;5.56;2.83;0.13;22.84;1.89;7.36;-2.79;10.01;-3.94;8.5;10.47;8.47;5.06;8.53;18.09;13.66;10.81;10.01;8.68;-1.13;27.63;29.36;28.12;15.29;19.73;22.56;9.99;5.72;4.71;5.76;5.88;8.94;8.01;4.89;0.96;4.43;11.06;7.32;24.71;5.08;16.28;9.29;15.56;12.91;19.61;4.6;21.24;3.34;11.36;2.33;2.24;11.71;2.7;10.66;13.13;11.26;11.77;16.46;16.99;12.08;6.37;8.9;13.5;12.81;11.86;8.8;11.3;9.67;6.74;6.72;9.89;9.49;9.58;12.62;12.72;6.94;10.17;11.53;11.54;9.35;17.13;7.7;11.12;9.01;8.46;1.5;2.12;1.84;3.2;9.09;17.49;4.68;2.77;27.68;0;18.49;4.21;14.96;0;20.61;10.12;28.2;8.29;1.36;5.67;16.97;9.41;-4.44;15.61;32.62;36.17;40.54;38.41;9.52;8.46;8.27;7.5;10.15;8.72;7.08;5.02;6.65;7.25;3.51;4.22;6.56;2.79;0.85;4.16;5;4.58;2.14;3.65;5.03;4.93;3.38;-0.41;3.48;8.81;0.77;-0.27;7.8;0.86;2.9;1.43;7.16;17.8;9.6;6.63;5.07;8;1.47;7.68;8.33;11.97;11.03;2.31;1;6.68;4.38;4.73;5.44;11.24;23.58;14.84;-2.85;0;8.08;11.99;16.32;8.09;8.14;4.29;7.99;7.44;8.52;8.36;3.82;3.97;1.65;5.7;12.31;27.17;2.03;8.31;9.68;5.71;5.47;5.95;-1.01;9.68;5.27;3.58;10.1;1.01;0;0;5.24;16.9;3.03
01/03/2022;-13.88;7.3;-4.13;6.63;2.8;23.36;1.26;13.42;28.03;2.26;18.02;14.89;10.52;14.3;-0.19;27.15;3.75;36.12;44.99;28.12;80.44;94.55;13.84;166.17;40.3;35.68;8.47;10.91;9.41;13.58;12.91;31.89;38.92;-0.71;24.96;27.66;64.79;18.6;30.35;8.36;-7.23;5.64;6.15;-1.5;14.38;34.21;-0.71;-18.3;6.26;54.95;-11.29;8.88;66.42;68.95;13.98;17.69;7.38;8.64;31.54;17.14;19.04;-5.29;-0.37;8.61;12.92;14.99;11.63;12.29;12.13;13.83;10.83;8.26;8.14;6.4;8.94;0.58;6.06;11.43;1.49;-0.48;11.8;9.22;-3.86;12.95;12.3;7.43;1.32;5.74;3.07;-1.2;11.72;6.09;8.15;3.34;5.02;2.22;8.54;1.85;0.03;1.64;7.4;6.48;7.28;7.38;10.66;7.84;1.28;4.52;16.11;21.68;16.11;14.53;-0.93;6.56;14.38;18.15;20.08;7.24;5.96;13.01;8.81;8.09;16.61;13.03;9.49;23.75;11.32;20.09;4.92;12.44;12.15;64.66;15.76;9.13;8.69;9.12;2.51;3.42;-1.03;8.82;6.88;13.83;15.96;-5.16;9.13;8.44;12.44;5.56;6.52;11.67;5.03;13.34;14.4;7.1;5.33;18.38;4.96;12.24;8.59;7.54;3.6;6.5;9.08;4.28;-0.49;8.5;7.61;10.56;8.03;5.16;4.7;32.98;15.89;-1.23;3.74;20.79;16.73;1.21;4.95;0.75;15.92;2.12;6.44;-4.31;10.28;1.82;8.85;10.3;10.69;5.02;8.95;19.42;14.32;9;7.11;10.51;0.55;29.56;33.37;28.52;18.31;20.63;23.54;12.09;-1.48;3.35;3.72;6.48;9.1;6.69;4.24;5.17;5.17;9.46;7.38;26.25;8.78;17.67;11.7;21.18;13.94;12.84;3.5;15.92;0.91;11.32;2.33;0.25;11.19;3.94;12.92;16.26;11.91;14.72;18.8;18.47;13.72;6.08;11.63;14.25;15.69;13.5;10.35;11.78;11.73;4.98;7.73;9.77;10.98;11.28;14.89;13.43;9.14;11.77;13.73;13.62;10.61;19.86;7.67;12.47;9.49;9.13;2.67;2.12;0;4.05;13.86;11.05;4.68;3.13;42.74;0;18.24;5.91;16.43;0;21.53;9.57;25.39;9.45;2.8;6.1;16.69;7.58;18.35;16.99;27.48;24.59;46.47;45.54;12.7;10.49;9.79;10.24;13.34;11.47;9.01;7.95;4.7;11.24;4.83;6.46;6.34;5.73;-1.67;4.81;5.52;5.4;2.56;3.11;4.67;5.53;3.53;-1.75;5.83;9.58;2.75;6.91;9.11;3.02;7.19;2.14;7.31;19.93;10.63;10.18;6.83;8.54;1.49;8.63;9.53;12.14;13.69;2.59;1.14;6.94;5.53;6.44;6.98;11.92;22.06;16.89;-3.84;0;9.21;15.5;19.63;7.65;9.31;3.46;7.7;7.91;8.88;8.27;5.67;3.74;1.65;5.48;12.31;27.39;2.75;11.87;9.24;8.27;5.64;4.29;-0.73;10.01;5.58;3.72;10.77;0.94;0;0;5.32;16.9;3.03
